id,name,model_id:id,group_id:id,perm_read,perm_write,perm_create,perm_unlink


access_bms_admin_partner,bms admin partner,base.model_res_partner,DW_BMS.group_bms_admin,1,1,1,1
access_bms_admin_product,bms admin product,product.model_product_product,DW_BMS.group_bms_admin,1,1,1,1
access_bms_admin_product_alias,bms admin product alias,DW_BMS.model_dw_product_name_alias,DW_BMS.group_bms_admin,1,1,1,1
access_bms_admin_sale,bms admin sale,sale.model_sale_order,DW_BMS.group_bms_admin,1,1,1,1
access_bms_admin_sale_line,bms admin sale order line,sale.model_sale_order_line,DW_BMS.group_bms_admin,1,1,1,1
access_bms_admin_purchase,bms admin purchase,purchase.model_purchase_order,DW_BMS.group_bms_admin,1,1,1,1
access_bms_admin_account_move,bms admin account move,account.model_account_move,DW_BMS.group_bms_admin,1,1,1,1
access_bms_admin_stock_picking,bms admin stock picking,stock.model_stock_picking,DW_BMS.group_bms_admin,1,1,1,1
access_bms_admin_stock_picking_type,bms admin stock picking type,stock.model_stock_picking_type,DW_BMS.group_bms_admin,1,1,1,1
access_bms_admin_stock_move,bms admin stock move,stock.model_stock_move,DW_BMS.group_bms_admin,1,1,1,1
access_bms_admin_stock_move_line,bms admin stock move line,stock.model_stock_move_line,DW_BMS.group_bms_admin,1,1,1,1
access_bms_admin_stock_lot,bms admin stock lot,stock.model_stock_lot,DW_BMS.group_bms_admin,1,1,1,1



access_bms_inventory_partner,bms inventory partner read,base.model_res_partner,DW_BMS.group_bms_inventory,1,0,0,0
access_bms_inventory_product,bms inventory product read,product.model_product_product,DW_BMS.group_bms_inventory,1,0,0,0
access_bms_inventory_product_alias,bms inventory product alias,DW_BMS.model_dw_product_name_alias,DW_BMS.group_bms_inventory,1,0,0,0
access_bms_inventory_stock_picking,bms inventory stock picking,stock.model_stock_picking,DW_BMS.group_bms_inventory,1,1,1,0
access_bms_inventory_stock_picking_type,bms inventory stock picking type read,stock.model_stock_picking_type,DW_BMS.group_bms_inventory,1,0,0,0
access_bms_inventory_stock_move,bms inventory stock move,stock.model_stock_move,DW_BMS.group_bms_inventory,1,1,1,0
access_bms_inventory_stock_move_line,bms inventory stock move line,stock.model_stock_move_line,DW_BMS.group_bms_inventory,1,1,1,0
access_bms_inventory_stock_lot,bms inventory stock lot,stock.model_stock_lot,DW_BMS.group_bms_inventory,1,1,1,0
access_bms_inventory_report_wizard,bms inventory report wizard,DW_BMS.model_bms_report_wizard,DW_BMS.group_bms_inventory,1,1,1,0

access_bms_sales_partner,bms sales partner read,base.model_res_partner,DW_BMS.group_bms_sales,1,0,0,0
access_bms_sales_product,bms sales product read,product.model_product_product,DW_BMS.group_bms_sales,1,0,0,0
access_bms_sales_product_alias,bms sales product alias,DW_BMS.model_dw_product_name_alias,DW_BMS.group_bms_sales,1,1,1,0
access_bms_sales_sale,bms sales sale,sale.model_sale_order,DW_BMS.group_bms_sales,1,1,1,0
access_bms_sales_invoice,bms sales invoice read,account.model_account_move,DW_BMS.group_bms_sales,1,0,0,0
access_sales_team_sale,sales team sale,sale.model_sale_order,DW_BMS.group_sales_team,1,1,1,0
access_sales_team_sale_line,sales team sale order line,sale.model_sale_order_line,DW_BMS.group_sales_team,1,1,1,0


access_bms_purchase_partner,bms purchase partner read,base.model_res_partner,DW_BMS.group_bms_purchase,1,0,0,0
access_bms_purchase_product,bms purchase product read,product.model_product_product,DW_BMS.group_bms_purchase,1,0,0,0
access_bms_purchase_product_alias,bms purchase product alias,DW_BMS.model_dw_product_name_alias,DW_BMS.group_bms_purchase,1,0,0,0
access_bms_purchase_purchase,bms purchase order,purchase.model_purchase_order,DW_BMS.group_bms_purchase,1,1,1,0
access_bms_purchase_bill,bms purchase bill read,account.model_account_move,DW_BMS.group_bms_purchase,1,0,0,0
access_bms_purchase_purchase_line,bms purchase line,purchase.model_purchase_order_line,DW_BMS.group_bms_purchase,1,1,1,0
access_bms_purchase_product_template,bms purchase product template,product.model_product_template,DW_BMS.group_bms_purchase,1,0,0,0
access_bms_purchase_supplierinfo,bms purchase supplierinfo,product.model_product_supplierinfo,DW_BMS.group_bms_purchase,1,0,0,0
access_bms_purchase_tax,bms purchase tax,account.model_account_tax,DW_BMS.group_bms_purchase,1,0,0,0
access_bms_purchase_fiscal_position,bms purchase fiscal position,account.model_account_fiscal_position,DW_BMS.group_bms_purchase,1,0,0,0


access_bms_accounts_partner,bms accounts partner read,base.model_res_partner,DW_BMS.group_bms_accounts,1,0,0,0
access_bms_accounts_product,bms accounts product read,product.model_product_product,DW_BMS.group_bms_accounts,1,0,0,0
access_bms_accounts_product_alias,bms accounts product alias,DW_BMS.model_dw_product_name_alias,DW_BMS.group_bms_accounts,1,0,0,0
access_bms_accounts_sale,bms accounts sale read,sale.model_sale_order,DW_BMS.group_bms_accounts,1,0,0,0
access_bms_accounts_invoice,bms accounts invoice,account.model_account_move,DW_BMS.group_bms_accounts,1,1,1,0


access_bms_report_partner,bms report partner read,base.model_res_partner,DW_BMS.group_bms_report,1,0,0,0
access_bms_report_product,bms report product read,product.model_product_product,DW_BMS.group_bms_report,1,0,0,0
access_bms_report_product_alias,bms report product alias,DW_BMS.model_dw_product_name_alias,DW_BMS.group_bms_report,1,0,0,0
access_bms_report_sale,bms report sale read,sale.model_sale_order,DW_BMS.group_bms_report,1,0,0,0
access_bms_report_purchase,bms report purchase read,purchase.model_purchase_order,DW_BMS.group_bms_report,1,0,0,0
access_bms_report_account,bms report account read,account.model_account_move,DW_BMS.group_bms_report,1,0,0,0

access_bms_sales_partner_full,bms sales partner full,base.model_res_partner,DW_BMS.group_bms_sales,1,1,1,1

access_bms_admin_report_wizard,bms admin report wizard,DW_BMS.model_bms_report_wizard,DW_BMS.group_bms_admin,1,1,1,1

access_bms_sales_report_wizard,bms sales report wizard,DW_BMS.model_bms_report_wizard,DW_BMS.group_bms_sales,1,1,1,0
access_bms_purchase_report_wizard,bms purchase report wizard,DW_BMS.model_bms_report_wizard,DW_BMS.group_bms_purchase,1,1,1,0
access_bms_accounts_report_wizard,bms accounts report wizard,DW_BMS.model_bms_report_wizard,DW_BMS.group_bms_accounts,1,1,1,0
access_bms_report_report_wizard,bms report role wizard,DW_BMS.model_bms_report_wizard,DW_BMS.group_bms_report,1,1,1,0

access_bms_manufacturing_partner,bms manufacturing partner read,base.model_res_partner,DW_BMS.group_bms_manufacturing,1,0,0,0
access_bms_manufacturing_product,bms manufacturing product read,product.model_product_product,DW_BMS.group_bms_manufacturing,1,0,0,0
access_bms_manufacturing_production,bms manufacturing production,mrp.model_mrp_production,DW_BMS.group_bms_manufacturing,1,1,1,0
access_bms_manufacturing_bom,bms manufacturing bom,mrp.model_mrp_bom,DW_BMS.group_bms_manufacturing,1,1,1,0

access_bms_packing_partner,bms packing partner read,base.model_res_partner,DW_BMS.group_packing_team,1,0,0,0
access_bms_packing_product,bms packing product read,product.model_product_product,DW_BMS.group_packing_team,1,0,0,0
access_bms_packing_sale,bms packing sale read,sale.model_sale_order,DW_BMS.group_packing_team,1,0,0,0
access_bms_packing_sale_line,bms packing sale line read,sale.model_sale_order_line,DW_BMS.group_packing_team,1,0,0,0
access_bms_packing_invoice,bms packing invoice read,account.model_account_move,DW_BMS.group_packing_team,1,0,0,0
access_bms_packing_invoice_line,bms packing invoice line read,account.model_account_move_line,DW_BMS.group_packing_team,1,0,0,0
access_bms_packing_account_tax,bms packing tax read,account.model_account_tax,DW_BMS.group_packing_team,1,0,0,0
access_bms_packing_dispatch_mode,bms packing dispatch mode read,DW_BMS.model_packing_dispatch_mode,DW_BMS.group_packing_team,1,0,0,0
access_bms_packing_courier_company,bms packing courier company read,DW_BMS.model_packing_courier_company,DW_BMS.group_packing_team,1,0,0,0
access_bms_packing_order,bms packing order,DW_BMS.model_packing_order,DW_BMS.group_packing_team,1,1,1,0
access_bms_packing_order_line,bms packing order line,DW_BMS.model_packing_order_line,DW_BMS.group_packing_team,1,1,1,0
access_bms_packing_stock_picking,bms packing stock picking,stock.model_stock_picking,DW_BMS.group_packing_team,1,1,0,0
access_bms_packing_stock_picking_type,bms packing stock picking type read,stock.model_stock_picking_type,DW_BMS.group_packing_team,1,0,0,0
access_bms_packing_stock_move,bms packing stock move read,stock.model_stock_move,DW_BMS.group_packing_team,1,0,0,0
access_bms_packing_stock_move_line,bms packing stock move line read,stock.model_stock_move_line,DW_BMS.group_packing_team,1,0,0,0
access_bms_packing_stock_lot,bms packing stock lot read,stock.model_stock_lot,DW_BMS.group_packing_team,1,0,0,0

access_bms_admin_invoice_import_log,bms admin invoice import log,DW_BMS.model_dw_invoice_import_log,DW_BMS.group_bms_admin,1,1,1,1
access_bms_accounts_invoice_import_log,bms accounts invoice import log,DW_BMS.model_dw_invoice_import_log,DW_BMS.group_bms_accounts,1,1,1,0

access_bms_admin_invoice_import_log_line,bms admin invoice import log line,DW_BMS.model_dw_invoice_import_log_line,DW_BMS.group_bms_admin,1,1,1,1
access_bms_accounts_invoice_import_log_line,bms accounts invoice import log line,DW_BMS.model_dw_invoice_import_log_line,DW_BMS.group_bms_accounts,1,1,1,0

access_bms_admin_invoice_import_wizard,bms admin invoice import wizard,DW_BMS.model_dw_invoice_import_wizard,DW_BMS.group_bms_admin,1,1,1,1
access_bms_accounts_invoice_import_wizard,bms accounts invoice import wizard,DW_BMS.model_dw_invoice_import_wizard,DW_BMS.group_bms_accounts,1,1,1,0

access_bms_admin_invoice_import_column_map,bms admin invoice import column map,DW_BMS.model_dw_invoice_import_column_map,DW_BMS.group_bms_admin,1,1,1,1
access_bms_accounts_invoice_import_column_map,bms accounts invoice import column map,DW_BMS.model_dw_invoice_import_column_map,DW_BMS.group_bms_accounts,1,1,1,0
access_bms_admin_customer_type,bms admin customer type,DW_BMS.model_dw_customer_type,DW_BMS.group_bms_admin,1,1,1,1
access_bms_sales_customer_type,bms sales customer type,DW_BMS.model_dw_customer_type,DW_BMS.group_bms_sales,1,1,1,0
access_bms_purchase_customer_type,bms purchase customer type read,DW_BMS.model_dw_customer_type,DW_BMS.group_bms_purchase,1,0,0,0
access_bms_accounts_customer_type,bms accounts customer type read,DW_BMS.model_dw_customer_type,DW_BMS.group_bms_accounts,1,0,0,0
access_bms_report_customer_type,bms report customer type read,DW_BMS.model_dw_customer_type,DW_BMS.group_bms_report,1,0,0,0
access_bms_inventory_customer_type,bms inventory customer type read,DW_BMS.model_dw_customer_type,DW_BMS.group_bms_inventory,1,0,0,0
access_bms_manufacturing_customer_type,bms manufacturing customer type read,DW_BMS.model_dw_customer_type,DW_BMS.group_bms_manufacturing,1,0,0,0
access_dw_product_storage_location_user,dw product storage location user,DW_BMS.model_dw_product_storage_location,base.group_user,1,1,1,0
access_packing_order_all,packing order all,DW_BMS.model_packing_order,,1,1,1,1
access_packing_order_line_all,packing order line all,DW_BMS.model_packing_order_line,,1,1,1,1
access_packing_dispatch_mode_all,packing dispatch mode all,DW_BMS.model_packing_dispatch_mode,,1,1,1,1
access_packing_courier_company_all,packing courier company all,DW_BMS.model_packing_courier_company,,1,1,1,1
access_shipping_management_system,shipping management system,DW_BMS.model_shipping_management,base.group_system,1,1,1,1
access_shipping_management_admin,shipping management admin,DW_BMS.model_shipping_management,DW_BMS.group_bms_admin,1,1,1,1
access_shipping_management_dispatch,shipping management dispatch,DW_BMS.model_shipping_management,DW_BMS.group_dispatch_team,1,1,1,1
access_shipping_management_inventory,shipping management inventory,DW_BMS.model_shipping_management,DW_BMS.group_bms_inventory,1,1,1,0
access_bms_dispatch_account_move,dispatch team account move read,account.model_account_move,DW_BMS.group_dispatch_team,1,1,1,0
access_bms_dispatch_account_move_line,dispatch team account move line read,account.model_account_move_line,DW_BMS.group_dispatch_team,1,1,1,0
access_bms_dispatch_res_partner,dispatch team partner read,base.model_res_partner,DW_BMS.group_dispatch_team,1,0,0,0
access_activity_timeline_all,activity timeline all,DW_BMS.model_activity_timeline,,1,1,1,1
access_bms_dispatch_product_alias,dispatch team product alias read,DW_BMS.model_dw_product_name_alias,DW_BMS.group_dispatch_team,1,0,0,0
access_bms_dispatch_product,dispatch team product read,product.model_product_product,DW_BMS.group_dispatch_team,1,1,0,0
access_bms_dispatch_product_template,dispatch team product template read,product.model_product_template,DW_BMS.group_dispatch_team,1,1,0,0
access_bms_dispatch_stock_picking,dispatch team stock picking,stock.model_stock_picking,DW_BMS.group_dispatch_team,1,1,0,0
access_bms_dispatch_stock_move,dispatch team stock move,stock.model_stock_move,DW_BMS.group_dispatch_team,1,1,0,0
access_bms_dispatch_stock_move_line,dispatch team stock move line,stock.model_stock_move_line,DW_BMS.group_dispatch_team,1,1,0,0
access_bms_dispatch_stock_picking_type,dispatch team stock picking type read,stock.model_stock_picking_type,DW_BMS.group_dispatch_team,1,0,0,0
access_bms_dispatch_stock_lot,dispatch team stock lot read,stock.model_stock_lot,DW_BMS.group_dispatch_team,1,0,0,0
access_bms_sales_team_product_alias,sales team product alias read,DW_BMS.model_dw_product_name_alias,DW_BMS.group_sales_team,1,0,0,0
access_bms_sales_team_product,sales team product read,product.model_product_product,DW_BMS.group_sales_team,1,0,0,0
access_bms_sales_team_product_template,sales team product template read,product.model_product_template,DW_BMS.group_sales_team,1,0,0,0
access_bms_sales_team_invoice,sales team invoice,account.model_account_move,DW_BMS.group_sales_team,1,1,1,0
access_bms_sales_team_invoice_line,sales team invoice line,account.model_account_move_line,DW_BMS.group_sales_team,1,1,1,0
access_bms_sales_team_payment,sales team payment,account.model_account_payment,DW_BMS.group_sales_team,1,1,1,0
access_bms_sales_team_payment_register,sales team payment register,account.model_account_payment_register,DW_BMS.group_sales_team,1,1,1,0
access_bms_sales_team_account_tax,sales team account tax read,account.model_account_tax,DW_BMS.group_sales_team,1,0,0,0
access_bms_sales_team_account_journal,sales team account journal read,account.model_account_journal,DW_BMS.group_sales_team,1,0,0,0
access_bms_sales_team_payment_term,sales team payment term read,account.model_account_payment_term,DW_BMS.group_sales_team,1,0,0,0
access_bms_sales_team_fiscal_position,sales team fiscal position read,account.model_account_fiscal_position,DW_BMS.group_sales_team,1,0,0,0
access_bms_sales_team_shipping_management,sales team shipping management,DW_BMS.model_shipping_management,DW_BMS.group_sales_team,1,1,1,0
access_sale_confirm_warning,sale.confirm.warning,model_sale_confirm_warning,base.group_user,1,1,1,1